id;time_log;time_retrieve;log_value
1;2025-05-14T09:28:48;2025-05-14T14:08:55;scratch
2;2025-05-14T23:15:43;2025-05-14T22:01:35;quantify
3;2025-05-14T16:11:24;2025-05-14T16:27:35;slap
4;2025-05-14T11:28:23;2025-05-14T12:19:44;once
5;2025-05-14T11:31:59;2025-05-14T23:15:31;ew
6;2025-05-14T18:15:54;2025-05-15T02:35:43;knottily whereas whoa
7;2025-05-14T21:00:31;2025-05-14T22:32:35;round sting soupy
8;2025-05-14T11:03:28;2025-05-14T18:47:42;woot yesterday
9;2025-05-15T08:31:16;2025-05-15T03:32:01;ornate
10;2025-05-14T10:23:40;2025-05-14T23:41:55;who wherever until
